{"cameraMode":{"drawMode":0,"name":"Shaded","section":"Shading Mode"},"sceneLighting":false,"audioPlay":false,"sceneViewState":{"showFog":true,"showMaterialUpdate":false,"showSkybox":true,"showFlares":true,"showImageEffects":true,"showParticleSystems":true},"in2DMode":false,"pivot":{"x":2.450000047683716,"y":-1.0,"z":2.010000228881836},"rotation":{"x":-0.6050103306770325,"y":0.007642272859811783,"z":-0.005806940142065287,"w":-0.7961598634719849},"size":13.477582931518555,"orthographic":false}