{"cameraMode":{"drawMode":0,"name":"Shaded","section":"Shading Mode"},"sceneLighting":false,"audioPlay":false,"sceneViewState":{"showFog":true,"showMaterialUpdate":false,"showSkybox":true,"showFlares":true,"showImageEffects":true,"showParticleSystems":true},"in2DMode":false,"pivot":{"x":40.107337951660159,"y":-3.1539077758789064,"z":32.08588790893555},"rotation":{"x":-0.4902900159358978,"y":-0.253159761428833,"z":0.15134353935718537,"w":-0.820134699344635},"size":21.97267723083496,"orthographic":false}