{"cameraMode":{"drawMode":0,"name":"Shaded","section":"Shading Mode"},"sceneLighting":false,"audioPlay":false,"sceneViewState":{"showFog":true,"showMaterialUpdate":false,"showSkybox":true,"showFlares":true,"showImageEffects":true,"showParticleSystems":true},"in2DMode":false,"pivot":{"x":0.353534460067749,"y":-2.6316938400268556,"z":4.102565288543701},"rotation":{"x":-0.4699866473674774,"y":0.1462155431509018,"z":-0.07927313446998596,"w":-0.8668618202209473},"size":11.400601387023926,"orthographic":false}