{"cameraMode":{"drawMode":0,"name":"Shaded","section":"Shading Mode"},"sceneLighting":false,"audioPlay":false,"sceneViewState":{"showFog":true,"showMaterialUpdate":false,"showSkybox":true,"showFlares":true,"showImageEffects":true,"showParticleSystems":true},"in2DMode":false,"pivot":{"x":7.414095401763916,"y":21.694957733154298,"z":-19.099193572998048},"rotation":{"x":-0.3204553425312042,"y":0.11668022722005844,"z":-0.03981049731373787,"w":-0.9392067790031433},"size":4.427858352661133,"orthographic":false}