{"cameraMode":{"drawMode":0,"name":"Shaded","section":"Shading Mode"},"sceneLighting":false,"audioPlay":false,"sceneViewState":{"showFog":true,"showMaterialUpdate":false,"showSkybox":true,"showFlares":true,"showImageEffects":true,"showParticleSystems":true},"in2DMode":false,"pivot":{"x":13.399999618530274,"y":-0.5,"z":38.400001525878909},"rotation":{"x":-0.20159706473350526,"y":0.11051102727651596,"z":-0.02289770357310772,"w":-0.9729448556900024},"size":14.289422035217286,"orthographic":false}