{"cameraMode":{"drawMode":0,"name":"Shaded","section":"Shading Mode"},"sceneLighting":false,"audioPlay":false,"sceneViewState":{"showFog":true,"showMaterialUpdate":false,"showSkybox":true,"showFlares":true,"showImageEffects":true,"showParticleSystems":true},"in2DMode":false,"pivot":{"x":2.3762552738189699,"y":-3.3985280990600588,"z":1.144688367843628},"rotation":{"x":-0.6050103306770325,"y":0.007642272859811783,"z":-0.005806940142065287,"w":-0.7961598634719849},"size":12.871091842651368,"orthographic":false}