{"cameraMode":{"drawMode":0,"name":"Shaded","section":"Shading Mode"},"sceneLighting":false,"audioPlay":false,"sceneViewState":{"showFog":true,"showMaterialUpdate":false,"showSkybox":true,"showFlares":true,"showImageEffects":true,"showParticleSystems":true},"in2DMode":false,"pivot":{"x":2.384371042251587,"y":-4.49954891204834,"z":1.8592723608016968},"rotation":{"x":-0.6801621317863464,"y":0.06608814001083374,"z":-0.06179089471697807,"w":-0.7274571061134338},"size":13.477582931518555,"orthographic":false}