{"cameraMode":{"drawMode":0,"name":"Shaded","section":"Shading Mode"},"sceneLighting":false,"audioPlay":false,"sceneViewState":{"showFog":true,"showMaterialUpdate":false,"showSkybox":true,"showFlares":true,"showImageEffects":true,"showParticleSystems":true},"in2DMode":false,"pivot":{"x":2.73654842376709,"y":-1.3099737167358399,"z":2.056544303894043},"rotation":{"x":-0.4621643126010895,"y":0.06427790969610214,"z":-0.033611420542001727,"w":-0.8838228583335877},"size":8.920442581176758,"orthographic":false}