{"cameraMode":{"drawMode":0,"name":"Shaded","section":"Shading Mode"},"sceneLighting":false,"audioPlay":false,"sceneViewState":{"showFog":true,"showMaterialUpdate":false,"showSkybox":true,"showFlares":true,"showImageEffects":true,"showParticleSystems":true},"in2DMode":false,"pivot":{"x":3.2418372631073,"y":-9.47305679321289,"z":58.423587799072269},"rotation":{"x":-0.5994037985801697,"y":0.042448561638593677,"z":-0.03185664862394333,"w":-0.7986854314804077},"size":74.17105102539063,"orthographic":false}